"season","workingday","temp","hum","windspeed","cnt","is_winter"
1,0,0.24,0.75,0,8,1
1,0,0.44,0.82,0.2836,67,1
1,0,0.42,0.88,0.2537,35,1
1,0,0.4,0.71,0.2239,8,1
1,0,0.34,0.57,0.194,65,1
1,0,0.36,0.46,0.3284,53,1
1,1,0.14,0.5,0.2836,154,1
1,1,0.24,0.3,0.2239,157,1
1,1,0.24,0.32,0.1045,157,1
1,1,0.14,0.69,0.1642,179,1
1,1,0.28,0.48,0.2239,212,1
1,1,0.26,0.48,0.194,182,1
1,1,0.2,0.4,0.2985,195,1
1,1,0.24,0.38,0.194,190,1
1,1,0.24,0.38,0.1343,169,1
1,1,0.16,0.59,0,219,1
1,1,0.22,0.51,0.1642,172,1
1,1,0.22,0.51,0.1343,163,1
1,1,0.2,0.51,0.2537,210,1
1,1,0.2,0.37,0,187,1
1,1,0.2,0.4,0.0896,123,1
1,0,0.16,0.93,0.1045,15,1
1,0,0.16,0.37,0.5522,69,1
1,0,0.14,0.39,0.2985,55,1
1,0,0.1,0.49,0.2836,10,1
1,0,0.18,0.37,0.3881,62,1
1,0,0.16,0.4,0.3284,48,1
1,1,0.12,0.5,0.2836,188,1
1,1,0.2,0.4,0.1045,178,1
1,1,0.2,0.4,0.2239,155,1
1,1,0.18,0.51,0.0896,217,1
1,1,0.16,0.86,0.2239,136,1
1,1,0.16,0.93,0.1045,95,1
1,1,0.16,0.59,0.1642,128,1
1,1,0.2,0.47,0.3582,139,1
1,1,0.2,0.47,0.5224,137,1
1,1,0.14,0.5,0.194,202,1
1,1,0.2,0.4,0.2836,162,1
1,1,0.2,0.4,0.3284,144,1
1,1,0.12,0.68,0,158,1
1,1,0.22,0.41,0.1642,159,1
1,1,0.2,0.47,0,139,1
1,0,0.14,0.63,0.1343,23,1
1,0,0.32,0.36,0.2836,83,1
1,0,0.3,0.45,0.2537,84,1
1,0,0.22,0.55,0.2836,18,1
1,0,0.22,0.37,0.2537,105,1
1,0,0.2,0.4,0.1642,67,1
1,0,0.16,0.47,0.2239,33,1
1,0,0.2,0.51,0.194,71,1
1,0,0.18,0.55,0.2537,92,1
1,1,0.22,0.82,0.194,125,1
1,1,0.22,0.8,0.1642,133,1
1,1,0.24,0.93,0.1045,197,1
1,1,0.36,0.57,0.3284,197,1
1,1,0.34,0.61,0.2836,161,1
1,1,0.22,0.55,0.2836,249,1
1,1,0.3,0.49,0.1045,215,1
1,1,0.26,0.56,0.194,185,1
1,1,0.2,0.47,0.3284,217,1
1,1,0.14,0.28,0.3582,161,1
1,1,0.12,0.3,0.2537,120,1
1,0,0.02,0.44,0.3284,27,1
1,0,0.12,0.28,0,67,1
1,0,0.08,0.35,0.194,54,1
1,0,0.06,0.62,0.1642,19,1
1,0,0.14,0.26,0.3881,55,1
1,0,0.12,0.3,0.2537,49,1
1,1,0.04,0.49,0,177,1
1,1,0.14,0.5,0.2537,184,1
1,1,0.14,0.59,0.194,153,1
1,1,0.16,0.74,0.1343,238,1
1,1,0.3,0.45,0,222,1
1,1,0.3,0.49,0.0896,225,1
1,1,0.22,0.87,0.2985,72,1
1,1,0.2,0.93,0.3582,26,1
1,1,0.22,0.55,0.1045,84,1
1,1,0.2,0.69,0.0896,104,1
1,1,0.16,0.86,0.0896,157,1
1,1,0.24,0.75,0.1343,149,1
1,1,0.24,0.75,0.194,109,1
1,0,0.18,0.55,0.1642,34,1
1,0,0.24,0.6,0,91,1
1,0,0.22,0.69,0.1343,68,1
1,0,0.14,0.86,0,12,1
1,0,0.3,0.56,0.194,77,1
1,0,0.26,0.65,0.1642,65,1
1,1,0.16,0.59,0.2836,185,1
1,1,0.16,0.59,0.194,161,1
1,1,0.16,0.55,0.2239,156,1
1,1,0.16,0.93,0,135,1
1,1,0.24,0.75,0,176,1
1,1,0.24,0.81,0.1045,168,1
1,1,0.22,0.93,0.2239,155,1
1,1,0.36,0.53,0.5224,190,1
1,1,0.34,0.42,0.5522,182,1
1,1,0.14,0.5,0.3582,188,1
1,1,0.2,0.4,0.194,175,1
1,1,0.2,0.4,0.1642,147,1
1,1,0.14,0.74,0.1343,220,1
1,1,0.26,0.56,0.1343,205,1
1,1,0.24,0.6,0.1045,155,1
1,0,0.2,1,0.0896,10,1
1,0,0.24,1,0.2836,78,1
1,0,0.28,0.93,0.4478,83,1
1,0,0.24,0.65,0.1045,23,1
1,0,0.34,0.46,0,121,1
1,0,0.3,0.56,0.1642,78,1
1,1,0.16,1,0,230,1
1,1,0.32,0.7,0.1642,216,1
1,1,0.34,0.66,0.1343,175,1
1,1,0.24,0.56,0.4925,243,1
1,1,0.22,0.32,0.5821,176,1
1,1,0.2,0.32,0.3881,152,1
1,1,0.1,0.42,0,199,1
1,1,0.2,0.34,0.2537,166,1
1,1,0.18,0.47,0.2985,170,1
1,1,0.1,0.49,0.3284,178,1
1,1,0.18,0.26,0.194,165,1
1,1,0.16,0.28,0.1343,160,1
1,1,0.1,0.74,0.1642,216,1
1,1,0.3,0.24,0,211,1
1,1,0.28,0.28,0,174,1
1,0,0.14,0.86,0.1343,30,1
1,0,0.32,0.31,0.5224,137,1
1,0,0.28,0.38,0.3284,64,1
1,0,0.22,0.64,0.194,12,1
1,0,0.42,0.28,0.3284,125,1
1,0,0.4,0.32,0.2985,95,1
1,1,0.38,0.4,0.4627,256,1
1,1,0.46,0.33,0.6119,243,1
1,1,0.4,0.4,0.6119,205,1
1,1,0.2,0.32,0.3582,223,1
1,1,0.32,0.22,0.2239,206,1
1,1,0.3,0.22,0.1343,212,1
1,1,0.22,0.55,0.1642,230,1
1,1,0.46,0.28,0.2836,255,1
1,1,0.4,0.4,0.2239,222,1
1,1,0.32,0.57,0.0896,285,1
1,1,0.58,0.32,0.2985,274,1
1,1,0.54,0.42,0.2836,222,1
1,1,0.42,0.77,0.194,272,1
1,1,0.66,0.34,0.3582,327,1
1,1,0.64,0.33,0.3284,224,1
1,0,0.38,0.17,0.5821,45,1
1,0,0.42,0.19,0.6119,127,1
1,0,0.36,0.25,0.4478,88,1
1,0,0.2,0.51,0.1045,24,1
1,0,0.34,0.33,0.1642,146,1
1,0,0.34,0.36,0.1343,101,1
1,0,0.32,0.57,0.2985,63,1
1,0,0.28,0.75,0.3881,80,1
1,0,0.24,0.87,0.3582,66,1
1,1,0.12,0.8,0.2537,114,1
1,1,0.22,0.51,0.2239,196,1
1,1,0.22,0.47,0.1343,167,1
1,1,0.14,0.54,0.1642,235,1
1,1,0.34,0.25,0.0896,222,1
1,1,0.32,0.26,0.0896,209,1
1,1,0.24,0.7,0.2239,252,1
1,1,0.36,0.66,0.194,177,1
1,1,0.34,0.87,0.3284,137,1
1,1,0.36,0.93,0.1343,73,1
1,1,0.32,0.49,0.7463,189,1
1,1,0.32,0.49,0.4925,157,1
1,0,0.24,0.6,0,57,1
1,0,0.36,0.43,0.2239,183,1
1,0,0.34,0.46,0.194,137,1
1,0,0.26,0.87,0,35,1
1,0,0.42,0.54,0.194,187,1
1,0,0.4,0.54,0.194,127,1
1,1,0.34,0.93,0.2985,255,1
1,1,0.4,1,0.2985,79,1
1,1,0.46,0.94,0.194,131,1
1,1,0.2,0.59,0.3881,214,1
1,1,0.34,0.34,0.0896,242,1
1,1,0.32,0.39,0.194,224,1
1,1,0.24,0.65,0.2836,256,1
1,1,0.5,0.23,0.2836,268,1
1,1,0.46,0.23,0.4925,201,1
1,1,0.14,0.39,0.2985,220,1
1,1,0.26,0.22,0,202,1
1,1,0.24,0.35,0.3284,167,1
1,1,0.18,0.74,0.1343,228,1
1,1,0.36,0.5,0.2537,228,1
1,1,0.34,0.53,0.2985,187,1
1,0,0.3,1,0.2985,45,1
1,0,0.48,0.59,0.3582,164,1
1,0,0.48,0.59,0.3284,152,1
1,0,0.4,1,0.2985,9,1
1,0,0.34,1,0.2985,25,1
1,0,0.32,1,0.3582,23,1
1,1,0.2,0.75,0.3881,211,1
1,1,0.34,0.29,0.3582,233,1
1,1,0.32,0.31,0.2239,233,1
1,1,0.22,0.55,0.194,257,1
1,1,0.36,0.27,0.2239,248,1
1,1,0.34,0.27,0.194,235,1
1,1,0.24,0.87,0.1343,249,1
1,1,0.34,0.76,0.2985,194,1
1,1,0.34,0.76,0.2537,188,1
1,1,0.38,0,0.2836,44,1
1,1,0.44,0,0.3881,111,1
1,1,0.44,0,0.3582,82,1
1,1,0.28,0.7,0.2537,259,1
1,1,0.34,0.49,0.2239,223,1
1,1,0.32,0.49,0.3284,153,1
1,0,0.26,0.65,0.1642,53,1
1,0,0.46,0.44,0.3284,213,1
1,0,0.42,0.54,0.1642,145,1
1,0,0.4,0.5,0.2985,34,1
1,0,0.44,0.41,0.3582,241,1
1,0,0.4,0.43,0.3582,147,1
1,1,0.3,0.56,0.1343,241,1
1,1,0.38,0.4,0.194,271,1
1,1,0.36,0.4,0.1045,235,1
1,1,0.26,0.7,0.0896,282,1
1,1,0.36,0.62,0.194,217,1
1,1,0.36,0.62,0.2985,225,1
1,1,0.32,0.93,0,253,1
1,1,0.44,0.54,0.2985,253,1
1,1,0.44,0.54,0.2239,237,1
1,1,0.36,0.66,0.1343,299,1
1,1,0.5,0.42,0.194,313,1
1,1,0.46,0.59,0.1642,310,1
1,1,0.42,0.67,0.2537,280,1
1,1,0.7,0.37,0.3284,332,1
1,1,0.68,0.39,0.1642,331,1
1,0,0.42,0.47,0.4925,48,1
1,0,0.48,0.31,0.3284,278,1
1,0,0.46,0.31,0.3284,217,1
1,0,0.28,0.56,0.1642,37,1
1,0,0.4,0.35,0.2836,226,1
1,0,0.38,0.4,0.3582,156,1
2,1,0.3,0.87,0.4179,98,0
2,1,0.54,0.64,0.2537,272,0
2,1,0.52,0.72,0.2239,276,0
2,1,0.4,0.58,0.2985,336,0
2,1,0.5,0.42,0.1045,307,0
2,1,0.48,0.44,0.0896,312,0
2,1,0.32,0.87,0.194,261,0
2,1,0.4,0.76,0.2239,273,0
2,1,0.38,0.82,0.2537,238,0
2,1,0.26,1,0.2985,124,0
2,1,0.3,0.7,0.2239,233,0
2,1,0.3,0.61,0.2985,214,0
2,1,0.22,0.51,0.2836,237,0
2,1,0.32,0.36,0.3582,225,0
2,1,0.3,0.39,0.2537,198,0
2,0,0.22,0.44,0.1343,66,0
2,0,0.32,0.24,0.2239,203,0
2,0,0.32,0.21,0.1642,153,0
2,0,0.2,0.69,0.2239,14,0
2,0,0.32,0.31,0.2537,159,0
2,0,0.3,0.33,0.194,137,0
2,1,0.2,0.34,0.2239,254,0
2,1,0.34,0.23,0.2985,252,0
2,1,0.32,0.21,0.2836,241,0
2,1,0.24,0.35,0.3582,287,0
2,1,0.4,0.2,0.1343,299,0
2,1,0.36,0.21,0.0896,294,0
2,1,0.32,0.49,0.1642,263,0
2,1,0.26,0.93,0.1045,116,0
2,1,0.26,0.93,0.2239,85,0
2,1,0.24,1,0.2537,192,0
2,1,0.3,0.87,0.2537,168,0
2,1,0.3,0.87,0.1343,177,0
2,1,0.26,0.87,0.2537,206,0
2,1,0.34,0.46,0.3284,281,0
2,1,0.34,0.46,0.3284,241,0
2,0,0.3,0.7,0.1045,55,0
2,0,0.38,0.54,0.3582,184,0
2,0,0.38,0.54,0.194,179,0
2,0,0.34,0.57,0.1642,62,0
2,0,0.46,0.28,0.1343,274,0
2,0,0.46,0.31,0,172,0
2,1,0.46,0.55,0.2985,339,0
2,1,0.74,0.23,0.6119,366,0
2,1,0.72,0.23,0.4925,386,0
2,1,0.38,0.87,0.5821,157,0
2,1,0.42,0.38,0.4179,273,0
2,1,0.38,0.4,0.4925,267,0
2,1,0.32,0.61,0.2239,325,0
2,1,0.52,0.32,0.4478,356,0
2,1,0.52,0.29,0.3582,325,0
2,1,0.36,0.76,0.194,314,0
2,1,0.52,0.52,0.2836,343,0
2,1,0.48,0.55,0.2537,333,0
2,1,0.34,0.87,0.1642,221,0
2,1,0.32,0.93,0.2537,148,0
2,1,0.32,0.93,0.2537,62,0
2,0,0.32,0.93,0.1642,54,0
2,0,0.38,0.82,0.0896,257,0
2,0,0.38,0.82,0.1045,177,0
2,0,0.38,0.94,0.0896,55,0
2,0,0.52,0.72,0.194,236,0
2,0,0.5,0.77,0.194,240,0
2,1,0.52,0.88,0.2836,314,0
2,1,0.74,0.48,0.5224,452,0
2,1,0.72,0.51,0.3881,383,0
2,1,0.48,0.88,0.3881,226,0
2,1,0.44,0.77,0.2239,291,0
2,1,0.44,0.77,0.2239,224,0
2,1,0.38,0.94,0.194,164,0
2,1,0.46,0.67,0.2985,309,0
2,1,0.44,0.62,0.3881,321,0
2,1,0.42,0.58,0.1642,337,0
2,1,0.6,0.28,0,388,0
2,1,0.56,0.3,0,337,0
2,0,0.44,0.62,0.2985,300,0
2,0,0.5,0.63,0.3881,331,0
2,0,0.46,0.67,0.3881,263,0
2,0,0.4,0.87,0.3582,45,0
2,0,0.5,0.88,0.5821,15,0
2,0,0.5,0.94,0.3881,38,0
2,0,0.38,0.46,0.3881,43,0
2,0,0.56,0.3,0.4478,306,0
2,0,0.56,0.3,0.3881,277,0
2,1,0.46,0.63,0,297,0
2,1,0.58,0.49,0.2836,428,0
2,1,0.64,0.31,0.3582,362,0
2,1,0.5,0.68,0.1343,351,0
2,1,0.56,0.6,0.1045,411,0
2,1,0.54,0.64,0.1343,421,0
2,1,0.62,0.69,0.4627,396,0
2,1,0.74,0.37,0.4179,432,0
2,1,0.74,0.3,0.3582,441,0
2,1,0.4,0.5,0.4925,365,0
2,1,0.5,0.29,0.1642,481,0
2,1,0.5,0.25,0.2836,452,0
2,1,0.34,0.53,0.2537,346,0
2,1,0.32,0.93,0.2239,69,0
2,1,0.32,0.93,0.2239,51,0
2,0,0.36,1,0.2537,47,0
2,0,0.6,0.73,0.3284,383,0
2,0,0.58,0.78,0.194,376,0
2,0,0.52,0.94,0.2239,80,0
2,0,0.66,0.65,0.2985,331,0
2,0,0.64,0.69,0.1642,270,0
2,1,0.56,0.88,0.1045,353,0
2,1,0.7,0.54,0.2985,521,0
2,1,0.68,0.57,0.3582,499,0
2,1,0.58,0.83,0.2985,449,0
2,1,0.68,0.61,0.3582,521,0
2,1,0.68,0.65,0.4478,528,0
2,1,0.58,0.88,0.3284,444,0
2,1,0.66,0.83,0.3881,521,0
2,1,0.66,0.83,0.3881,412,0
2,1,0.66,0.78,0.4478,398,0
2,1,0.64,0.47,0.3582,455,0
2,1,0.64,0.47,0.3582,530,0
2,1,0.54,0.39,0.2985,421,0
2,1,0.52,0.45,0.3881,508,0
2,1,0.52,0.48,0.3582,439,0
2,0,0.4,0.54,0.2985,91,0
2,0,0.56,0.43,0.1343,407,0
2,0,0.54,0.43,0.1343,371,0
2,0,0.44,0.77,0.1343,59,0
2,0,0.48,0.82,0.2537,196,0
2,0,0.46,0.82,0.0896,159,0
2,1,0.48,0.77,0.2239,371,0
2,1,0.66,0.65,0.194,537,0
2,1,0.64,0.65,0.194,518,0
2,1,0.56,0.83,0.2836,459,0
2,1,0.7,0.54,0.4627,517,0
2,1,0.7,0.48,0.4179,544,0
2,1,0.34,0.93,0.3881,79,0
2,1,0.4,0.71,0.2537,410,0
2,1,0.42,0.67,0.2537,396,0
2,1,0.42,0.5,0.2537,440,0
2,1,0.56,0.26,0.3881,533,0
2,1,0.56,0.26,0.2836,520,0
2,1,0.42,0.77,0.2537,450,0
2,1,0.58,0.4,0.3582,553,0
2,1,0.54,0.52,0.3582,470,0
2,0,0.52,0.52,0.194,115,0
2,0,0.58,0.4,0.2239,354,0
2,0,0.58,0.37,0.1642,289,0
2,0,0.52,0.63,0.1343,86,0
2,0,0.58,0.49,0.2836,351,0
2,0,0.58,0.49,0,268,0
2,1,0.52,0.55,0.2239,374,0
2,1,0.62,0.38,0.2537,598,0
2,1,0.62,0.38,0.2985,524,0
2,1,0.5,0.51,0.1045,425,0
2,1,0.64,0.33,0,611,0
2,1,0.64,0.29,0.1343,550,0
2,1,0.48,0.77,0.2537,442,0
2,1,0.64,0.47,0.1045,259,0
2,1,0.62,0.5,0.2985,274,0
2,1,0.48,0.82,0.194,421,0
2,1,0.64,0.57,0.194,594,0
2,1,0.62,0.69,0.2239,527,0
2,1,0.5,0.88,0.194,387,0
2,1,0.52,0.88,0.1642,491,0
2,1,0.52,0.88,0.1642,398,0
2,0,0.5,0.94,0,88,0
2,0,0.56,0.88,0.194,272,0
2,0,0.56,0.88,0.2239,304,0
2,0,0.54,0.94,0.1343,70,0
2,0,0.56,0.78,0.3582,392,0
2,0,0.56,0.78,0.2537,237,0
2,1,0.56,0.73,0.2985,394,0
2,1,0.58,0.88,0.2239,274,0
2,1,0.58,0.83,0.194,453,0
2,1,0.52,0.94,0.2985,347,0
2,1,0.62,0.65,0.4179,604,0
2,1,0.6,0.69,0.2985,480,0
2,1,0.56,0.88,0.2836,453,0
2,1,0.6,0.69,0.1343,565,0
2,1,0.6,0.73,0.2239,489,0
2,1,0.52,0.88,0,487,0
2,1,0.56,0.78,0.1642,547,0
2,1,0.6,0.55,0.1642,513,0
2,1,0.54,0.68,0,517,0
2,1,0.62,0.53,0,554,0
2,1,0.6,0.56,0.1642,473,0
2,0,0.56,0.68,0.2836,126,0
2,0,0.72,0.42,0.1642,444,0
2,0,0.7,0.45,0.1642,444,0
2,0,0.6,0.73,0.0896,94,0
2,0,0.7,0.58,0.2537,306,0
2,0,0.66,0.61,0.2239,358,0
2,1,0.6,0.88,0.194,409,0
2,1,0.72,0.7,0.3881,429,0
2,1,0.7,0.74,0.2836,453,0
2,1,0.62,0.83,0.2239,434,0
2,1,0.7,0.61,0.1045,548,0
2,1,0.7,0.7,0.194,564,0
2,1,0.64,0.69,0.2239,531,0
2,1,0.74,0.51,0.2239,601,0
2,1,0.72,0.58,0.2239,517,0
2,1,0.66,0.83,0.1642,489,0
2,1,0.8,0.46,0.2836,494,0
2,1,0.8,0.46,0.3284,478,0
2,1,0.66,0.74,0.2836,418,0
2,1,0.74,0.58,0.3881,491,0
2,1,0.72,0.62,0.2985,399,0
2,0,0.62,0.78,0.194,102,0
2,0,0.74,0.55,0.2985,341,0
2,0,0.72,0.62,0.2537,385,0
2,0,0.62,0.88,0.2239,96,0
2,0,0.74,0.7,0.2836,383,0
2,0,0.72,0.74,0.2836,328,0
2,0,0.66,0.89,0.1045,94,0
2,0,0.86,0.41,0.2239,304,0
2,0,0.86,0.41,0.1642,249,0
2,1,0.78,0.59,0.1343,406,0
2,1,0.84,0.53,0.2239,495,0
2,1,0.84,0.53,0.194,417,0
2,1,0.72,0.79,0.194,454,0
2,1,0.86,0.47,0.2985,486,0
2,1,0.82,0.56,0.3881,309,0
2,1,0.7,0.32,0.2985,467,0
2,1,0.76,0.2,0.5224,572,0
2,1,0.74,0.22,0.3881,525,0
2,1,0.56,0.43,0.3284,502,0
2,1,0.72,0.25,0.2836,558,0
2,1,0.7,0.24,0.2985,564,0
2,0,0.6,0.46,0.0896,125,0
2,0,0.72,0.34,0.2537,344,0
2,0,0.74,0.3,0.1642,341,0
2,0,0.6,0.73,0.2537,98,0
2,0,0.74,0.51,0,390,0
2,0,0.7,0.58,0.1045,363,0
2,1,0.64,0.73,0.0896,438,0
2,1,0.78,0.33,0.2836,579,0
2,1,0.76,0.31,0.1343,556,0
2,1,0.68,0.61,0.1343,477,0
2,1,0.8,0.43,0.2537,539,0
2,1,0.78,0.46,0.2836,551,0
2,1,0.76,0.58,0.1642,481,0
2,1,0.92,0.35,0.2239,506,0
2,1,0.9,0.37,0.2239,459,0
2,1,0.76,0.7,0.1045,432,0
2,1,0.9,0.37,0.2537,409,0
2,1,0.88,0.39,0.2836,466,0
2,1,0.74,0.58,0.1343,452,0
2,1,0.82,0.52,0.2239,517,0
2,1,0.8,0.59,0.2239,463,0
2,0,0.74,0.58,0.194,143,0
2,0,0.74,0.58,0.1642,337,0
2,0,0.72,0.62,0.1343,286,0
2,0,0.7,0.74,0,92,0
2,0,0.68,0.83,0.2836,252,0
2,0,0.7,0.74,0.1642,256,0
2,1,0.58,0.49,0.4478,476,0
2,1,0.7,0.39,0.3284,601,0
2,1,0.7,0.37,0.3582,586,0
2,1,0.58,0.49,0.3881,486,0
2,1,0.64,0.5,0.2836,569,0
2,1,0.62,0.51,0.3284,538,0
2,1,0.58,0.53,0.1343,498,0
2,1,0.74,0.28,0.1045,638,0
2,1,0.72,0.32,0.1343,607,0
2,1,0.6,0.69,0.1343,388,0
2,1,0.64,0.78,0.1045,272,0
2,1,0.64,0.83,0.2239,325,0
2,1,0.6,0.83,0,454,0
2,1,0.76,0.4,0.194,552,0
2,1,0.76,0.4,0.194,450,0
2,0,0.66,0.78,0.0896,131,0
2,0,0.76,0.48,0.1642,449,0
2,0,0.74,0.55,0.194,381,0
2,0,0.68,0.74,0.1045,84,0
2,0,0.74,0.51,0,397,0
2,0,0.74,0.58,0.0896,296,0
2,1,0.56,0.83,0.194,221,0
2,1,0.7,0.54,0,565,0
2,1,0.7,0.61,0.2537,538,0
3,1,0.62,0.88,0.1045,401,0
3,1,0.78,0.66,0.2239,572,0
3,1,0.76,0.7,0.2537,536,0
3,1,0.72,0.74,0.1045,423,0
3,1,0.8,0.55,0.3881,529,0
3,1,0.8,0.59,0.2537,513,0
3,1,0.74,0.7,0.194,432,0
3,1,0.72,0.7,0.3582,569,0
3,1,0.72,0.7,0.4179,540,0
3,1,0.7,0.74,0.2239,466,0
3,1,0.76,0.37,0.2537,557,0
3,1,0.76,0.37,0.2985,452,0
3,0,0.7,0.48,0.2537,112,0
3,0,0.74,0.42,0.2239,399,0
3,0,0.72,0.45,0.2537,307,0
3,0,0.64,0.61,0.194,107,0
3,0,0.72,0.42,0.1642,421,0
3,0,0.72,0.45,0.2537,382,0
3,1,0.66,0.74,0.194,447,0
3,1,0.74,0.55,0.1343,604,0
3,1,0.74,0.51,0,591,0
3,1,0.7,0.79,0.1642,456,0
3,1,0.82,0.56,0.2836,579,0
3,1,0.8,0.55,0.2985,504,0
3,1,0.7,0.48,0.2836,540,0
3,1,0.82,0.26,0.4179,570,0
3,1,0.8,0.29,0.2985,588,0
3,1,0.68,0.47,0.2239,555,0
3,1,0.78,0.27,0.3582,594,0
3,1,0.76,0.29,0.2537,586,0
3,1,0.7,0.42,0.1642,492,0
3,1,0.82,0.21,0.194,461,0
3,1,0.8,0.24,0.2537,422,0
3,0,0.68,0.57,0,132,0
3,0,0.84,0.3,0.2239,349,0
3,0,0.82,0.3,0.2836,383,0
3,0,0.68,0.79,0.2239,92,0
3,0,0.8,0.49,0.8507,358,0
3,0,0.8,0.49,0.8507,181,0
3,0,0.7,0.74,0.1045,86,0
3,0,0.8,0.46,0,436,0
3,0,0.8,0.46,0.1343,418,0
3,1,0.72,0.62,0.1343,432,0
3,1,0.82,0.46,0.1045,545,0
3,1,0.8,0.55,0.1642,496,0
3,1,0.72,0.74,0.1045,428,0
3,1,0.78,0.59,0.2239,596,0
3,1,0.76,0.62,0.194,563,0
3,1,0.7,0.79,0.194,443,0
3,1,0.86,0.36,0.2537,569,0
3,1,0.84,0.44,0.2985,562,0
3,1,0.72,0.74,0.2537,457,0
3,1,0.66,0.89,0.4478,167,0
3,1,0.66,0.83,0.0896,316,0
3,0,0.7,0.7,0.2537,182,0
3,0,0.84,0.32,0,401,0
3,0,0.82,0.36,0.1045,378,0
3,0,0.72,0.66,0,92,0
3,0,0.84,0.36,0.2239,363,0
3,0,0.82,0.43,0.2836,363,0
3,1,0.74,0.66,0.2836,420,0
3,1,0.86,0.56,0.4179,514,0
3,1,0.86,0.53,0.3881,472,0
3,1,0.76,0.58,0.2239,417,0
3,1,0.88,0.44,0.2836,428,0
3,1,0.86,0.47,0.2985,511,0
3,1,0.8,0.49,0.2537,449,0
3,1,0.7,0.79,0,488,0
3,1,0.72,0.79,0.1343,463,0
3,1,0.64,0.5,0.3582,486,0
3,1,0.74,0.37,0.1343,595,0
3,1,0.72,0.42,0.194,578,0
3,1,0.64,0.65,0.2537,564,0
3,1,0.74,0.42,0.2537,587,0
3,1,0.72,0.45,0.2239,496,0
3,0,0.66,0.65,0.1642,127,0
3,0,0.76,0.45,0.2239,475,0
3,0,0.76,0.45,0.2836,428,0
3,0,0.68,0.65,0.2239,118,0
3,0,0.8,0.49,0.3881,369,0
3,0,0.8,0.46,0.2985,390,0
3,1,0.7,0.7,0.194,347,0
3,1,0.84,0.49,0.3284,545,0
3,1,0.82,0.49,0.3582,558,0
3,1,0.76,0.7,0.1642,412,0
3,1,0.8,0.66,0,513,0
3,1,0.8,0.66,0.1343,530,0
3,1,0.74,0.74,0,438,0
3,1,0.84,0.59,0.194,455,0
3,1,0.84,0.59,0.2239,497,0
3,1,0.76,0.79,0.1642,381,0
3,1,0.92,0.45,0.2985,414,0
3,1,0.9,0.5,0.2836,382,0
3,1,0.84,0.63,0.1642,322,0
3,1,0.88,0.47,0.1045,306,0
3,1,0.9,0.37,0.1642,284,0
3,0,0.84,0.49,0.2537,109,0
3,0,0.94,0.38,0.1343,197,0
3,0,0.92,0.4,0.2239,196,0
3,0,0.82,0.56,0.2836,104,0
3,0,0.9,0.39,0.1045,249,0
3,0,0.88,0.42,0.1642,243,0
3,1,0.76,0.75,0,387,0
3,1,0.72,0.74,0,485,0
3,1,0.74,0.74,0.0896,533,0
3,1,0.74,0.55,0.194,424,0
3,1,0.86,0.36,0.3582,537,0
3,1,0.84,0.39,0.3881,546,0
3,1,0.74,0.42,0.2537,433,0
3,1,0.84,0.26,0.2239,572,0
3,1,0.82,0.28,0.1045,541,0
3,1,0.74,0.66,0.1642,456,0
3,1,0.84,0.53,0.194,468,0
3,1,0.84,0.56,0.2239,483,0
3,1,0.76,0.77,0,384,0
3,1,0.96,0.3,0.2985,421,0
3,1,0.92,0.37,0.3284,362,0
3,0,0.78,0.59,0.2239,114,0
3,0,0.9,0.29,0.1045,302,0
3,0,0.88,0.28,0.194,299,0
3,0,0.76,0.55,0.2239,142,0
3,0,0.92,0.16,0.1642,320,0
3,0,0.86,0.41,0.2836,304,0
3,1,0.8,0.43,0.194,382,0
3,1,0.76,0.45,0.2985,514,0
3,1,0.78,0.43,0.194,543,0
3,1,0.74,0.58,0.2836,435,0
3,1,0.9,0.27,0.1343,556,0
3,1,0.86,0.34,0.194,556,0
3,1,0.74,0.51,0.1642,437,0
3,1,0.7,0.79,0,425,0
3,1,0.7,0.84,0,492,0
3,1,0.7,0.82,0.3582,398,0
3,1,0.76,0.62,0.3284,555,0
3,1,0.7,0.74,0.2985,523,0
3,1,0.7,0.65,0.2239,454,0
3,1,0.78,0.49,0.2985,550,0
3,1,0.76,0.52,0.2537,466,0
3,0,0.68,0.83,0.1642,121,0
3,0,0.74,0.79,0.1642,149,0
3,0,0.72,0.79,0.4478,211,0
3,0,0.72,0.79,0.194,89,0
3,0,0.74,0.74,0.6418,194,0
3,0,0.72,0.74,0.0896,229,0
3,1,0.74,0.58,0.3284,349,0
3,1,0.86,0.39,0.1642,527,0
3,1,0.84,0.41,0.1343,529,0
3,1,0.74,0.66,0,392,0
3,1,0.8,0.55,0.1642,532,0
3,1,0.8,0.55,0.194,585,0
3,1,0.74,0.51,0.194,399,0
3,1,0.84,0.26,0.2985,584,0
3,1,0.82,0.28,0.2985,559,0
3,1,0.7,0.45,0.1642,390,0
3,1,0.8,0.29,0.2537,582,0
3,1,0.78,0.29,0.0896,571,0
3,1,0.68,0.39,0.2239,426,0
3,1,0.82,0.26,0,516,0
3,1,0.76,0.4,0.2985,465,0
3,0,0.7,0.65,0.1642,118,0
3,0,0.72,0.74,0.2537,269,0
3,0,0.7,0.74,0.2239,292,0
3,0,0.66,0.89,0.2836,41,0
3,0,0.76,0.62,0.1343,329,0
3,0,0.74,0.66,0.1642,347,0
3,1,0.64,0.78,0.3284,355,0
3,1,0.74,0.51,0.2836,530,0
3,1,0.7,0.65,0.194,483,0
3,1,0.7,0.58,0.4478,441,0
3,1,0.76,0.45,0.3284,600,0
3,1,0.76,0.45,0.2239,570,0
3,1,0.7,0.54,0.1642,487,0
3,1,0.8,0.49,0.2239,552,0
3,1,0.76,0.55,0.2537,556,0
3,1,0.66,0.74,0.2836,420,0
3,1,0.8,0.46,0.2985,409,0
3,1,0.76,0.55,0.2537,274,0
3,1,0.66,0.83,0,398,0
3,1,0.76,0.58,0.5224,527,0
3,1,0.76,0.58,0.5224,425,0
3,0,0.66,0.69,0,133,0
3,0,0.8,0.49,0.194,383,0
3,0,0.76,0.58,0.2537,394,0
3,0,0.7,0.79,0.2239,92,0
3,0,0.72,0.79,0.1343,270,0
3,0,0.72,0.79,0.2537,311,0
3,1,0.66,0.61,0.3284,351,0
3,1,0.74,0.27,0.3284,591,0
3,1,0.72,0.28,0.2985,609,0
3,1,0.62,0.5,0,504,0
3,1,0.72,0.34,0.2239,472,0
3,1,0.72,0.34,0.194,519,0
3,1,0.62,0.69,0.1343,468,0
3,1,0.76,0.52,0.3582,567,0
3,1,0.74,0.55,0.2985,621,0
3,1,0.7,0.74,0.2985,484,0
3,1,0.72,0.84,0,312,0
3,1,0.72,0.84,0.1343,408,0
3,1,0.66,0.83,0.1045,404,0
3,1,0.74,0.74,0.2537,489,0
3,1,0.74,0.74,0.1343,410,0
3,0,0.7,0.84,0.2537,76,0
3,0,0.64,0.89,0.8358,16,0
3,0,0.62,0.83,0.4179,8,0
3,0,0.76,0.4,0.2985,398,0
3,0,0.74,0.42,0.2239,402,0
3,1,0.62,0.57,0.2537,404,0
3,1,0.7,0.47,0.2239,591,0
3,1,0.66,0.47,0.2537,547,0
3,1,0.62,0.57,0.1343,493,0
3,1,0.72,0.42,0.194,611,0
3,1,0.7,0.45,0.1642,576,0
3,1,0.62,0.69,0,467,0
3,1,0.72,0.45,0.1343,608,0
3,1,0.7,0.51,0.2239,565,0
3,1,0.62,0.73,0.1343,498,0
3,1,0.72,0.54,0.2537,628,0
3,1,0.72,0.54,0.2239,531,0
3,1,0.62,0.78,0.194,456,0
3,1,0.68,0.65,0.1642,455,0
3,1,0.68,0.65,0.194,355,0
3,0,0.64,0.69,0.1642,89,0
3,0,0.72,0.7,0.2239,371,0
3,0,0.72,0.7,0.1642,339,0
3,0,0.66,0.78,0.1642,70,0
3,0,0.76,0.66,0.2239,376,0
3,0,0.76,0.66,0.194,356,0
3,0,0.66,0.78,0.194,101,0
3,0,0.66,0.89,0.1045,114,0
3,0,0.66,0.89,0.0896,123,0
3,1,0.54,0.83,0.3881,364,0
3,1,0.54,0.88,0.3881,291,0
3,1,0.54,0.88,0.3881,373,0
3,1,0.62,0.94,0.0896,328,0
3,1,0.64,0.89,0,285,0
3,1,0.64,0.89,0,237,0
3,1,0.62,0.94,0.1343,195,0
3,1,0.64,0.94,0.2836,113,0
3,1,0.64,0.94,0.3582,68,0
3,1,0.62,0.94,0.1642,288,0
3,1,0.7,0.79,0.2537,505,0
3,1,0.7,0.79,0.194,410,0
3,0,0.62,0.83,0.1642,119,0
3,0,0.74,0.55,0.2239,460,0
3,0,0.72,0.58,0.194,360,0
3,0,0.64,0.78,0,94,0
3,0,0.72,0.51,0.1343,380,0
3,0,0.68,0.65,0.2985,339,0
3,1,0.6,0.78,0.0896,408,0
3,1,0.72,0.51,0.1642,590,0
3,1,0.7,0.54,0.194,571,0
3,1,0.6,0.81,0.1045,425,0
3,1,0.74,0.51,0.2239,579,0
3,1,0.7,0.61,0.1642,539,0
3,1,0.62,0.83,0.1642,429,0
3,1,0.76,0.52,0.2836,599,0
3,1,0.72,0.62,0.1642,586,0
3,1,0.64,0.73,0.1343,391,0
3,1,0.48,0.82,0.4627,261,0
3,1,0.48,0.67,0.6119,244,0
3,1,0.42,0.67,0.2239,409,0
3,1,0.52,0.48,0.1343,566,0
3,1,0.52,0.52,0.1642,482,0
3,0,0.46,0.77,0.2537,108,0
3,0,0.52,0.72,0.2239,359,0
3,0,0.52,0.72,0.2239,329,0
3,0,0.46,0.72,0.2537,69,0
3,0,0.56,0.64,0.194,325,0
3,0,0.56,0.6,0.1045,289,0
3,1,0.52,0.77,0.1343,420,0
3,1,0.58,0.64,0.1343,568,0
3,1,0.56,0.68,0.1343,540,0
3,1,0.54,0.94,0.2537,209,0
3,1,0.6,0.83,0.1045,511,0
3,1,0.6,0.83,0.1045,492,0
3,1,0.54,1,0.1045,462,0
3,1,0.66,0.74,0.1642,536,0
3,1,0.64,0.83,0.1642,408,0
3,1,0.6,1,0.1642,415,0
3,1,0.66,0.78,0.0896,563,0
3,1,0.64,0.83,0.1045,551,0
4,1,0.62,0.94,0.1343,317,0
4,1,0.6,1,0,99,0
4,1,0.6,1,0,234,0
4,0,0.58,0.9,0.0896,121,0
4,0,0.66,0.74,0.1045,426,0
4,0,0.64,0.78,0.1045,400,0
4,0,0.62,0.88,0,86,0
4,0,0.68,0.74,0,420,0
4,0,0.68,0.74,0,404,0
4,1,0.62,0.94,0,355,0
4,1,0.7,0.7,0.1343,570,0
4,1,0.66,0.83,0.1045,553,0
4,1,0.64,0.89,0.1045,427,0
4,1,0.66,0.89,0.194,530,0
4,1,0.64,0.89,0.2239,356,0
4,1,0.62,0.94,0.2239,287,0
4,1,0.7,0.7,0.2239,591,0
4,1,0.66,0.83,0.2537,524,0
4,1,0.6,0.83,0,431,0
4,1,0.66,0.47,0.2985,589,0
4,1,0.64,0.41,0.2239,584,0
4,1,0.54,0.77,0.1343,456,0
4,1,0.62,0.53,0.194,591,0
4,1,0.58,0.49,0.3582,511,0
4,0,0.4,0.76,0.3284,67,0
4,0,0.4,0.76,0.194,228,0
4,0,0.38,0.87,0.2239,140,0
4,0,0.34,0.76,0.194,64,0
4,0,0.36,0.87,0.1642,167,0
4,0,0.36,0.81,0.194,174,0
4,1,0.36,0.71,0.1045,372,0
4,1,0.4,0.76,0.1642,495,0
4,1,0.4,0.76,0.1642,412,0
4,1,0.44,0.77,0.2239,400,0
4,1,0.56,0.6,0.3881,585,0
4,1,0.54,0.64,0.2836,524,0
4,1,0.52,0.63,0,467,0
4,1,0.64,0.47,0.2537,591,0
4,1,0.6,0.53,0.1642,593,0
4,1,0.44,0.62,0.1642,457,0
4,1,0.56,0.52,0.1343,568,0
4,1,0.54,0.64,0.0896,538,0
4,1,0.46,0.82,0,417,0
4,1,0.6,0.56,0.2537,563,0
4,1,0.56,0.6,0.0896,465,0
4,0,0.46,0.82,0,103,0
4,0,0.62,0.5,0.1343,393,0
4,0,0.6,0.46,0.1045,359,0
4,0,0.46,0.88,0,107,0
4,0,0.62,0.61,0.1045,438,0
4,0,0.64,0.5,0.1045,414,0
4,0,0.52,0.83,0,254,0
4,0,0.66,0.54,0.1045,459,0
4,0,0.64,0.53,0,473,0
4,1,0.56,0.83,0.1045,406,0
4,1,0.6,0.78,0.2537,604,0
4,1,0.6,0.78,0.2239,539,0
4,1,0.54,0.88,0.3881,404,0
4,1,0.54,0.94,0.2239,251,0
4,1,0.54,0.94,0.1343,172,0
4,1,0.54,1,0.0896,209,0
4,1,0.62,0.83,0.2537,479,0
4,1,0.62,0.83,0.2537,268,0
4,1,0.56,0.9,0.1642,209,0
4,1,0.58,0.46,0.4179,481,0
4,1,0.54,0.39,0.2836,423,0
4,0,0.46,0.59,0.2836,125,0
4,0,0.58,0.32,0.2836,441,0
4,0,0.54,0.39,0.194,372,0
4,0,0.44,0.62,0.194,99,0
4,0,0.58,0.49,0.4627,405,0
4,0,0.56,0.49,0.4478,328,0
4,1,0.5,0.51,0.2537,414,0
4,1,0.56,0.64,0.1343,620,0
4,1,0.56,0.6,0,518,0
4,1,0.5,0.77,0.0896,499,0
4,1,0.6,0.6,0.1343,625,0
4,1,0.56,0.68,0.1045,570,0
4,1,0.54,0.7,0.4925,210,0
4,1,0.56,0.94,0.1642,181,0
4,1,0.56,1,0.1642,140,0
4,1,0.44,0.67,0.5224,426,0
4,1,0.48,0.48,0.3881,494,0
4,1,0.46,0.51,0.2985,469,0
4,1,0.4,0.62,0.194,402,0
4,1,0.46,0.51,0.2537,524,0
4,1,0.44,0.54,0.2537,397,0
4,0,0.4,0.71,0,114,0
4,0,0.46,0.55,0.1343,360,0
4,0,0.44,0.54,0.0896,335,0
4,0,0.36,0.87,0.1343,88,0
4,0,0.5,0.63,0.1343,340,0
4,0,0.5,0.63,0.1045,284,0
4,1,0.42,0.88,0.1642,398,0
4,1,0.52,0.68,0.1343,614,0
4,1,0.54,0.6,0.0896,486,0
4,1,0.44,0.72,0,408,0
4,1,0.56,0.37,0.1045,585,0
4,1,0.52,0.42,0.1045,518,0
4,1,0.44,0.67,0.194,464,0
4,1,0.52,0.77,0.1045,454,0
4,1,0.52,0.77,0.1642,453,0
4,1,0.48,0.88,0.194,316,0
4,1,0.5,0.72,0.4627,322,0
4,1,0.48,0.67,0.4627,240,0
4,1,0.3,0.61,0.2836,374,0
4,1,0.36,0.5,0.1343,446,0
4,1,0.36,0.53,0.1642,368,0
4,0,0.28,0.87,0.3582,20,0
4,0,0.22,0.93,0.3284,31,0
4,0,0.22,0.93,0.3284,43,0
4,0,0.26,0.7,0.2239,80,0
4,0,0.4,0.35,0.1045,245,0
4,0,0.36,0.4,0.1343,213,0
4,1,0.28,0.87,0,372,0
4,1,0.42,0.54,0.1343,486,0
4,1,0.4,0.66,0.0896,422,0
4,1,0.36,0.71,0.2537,419,0
4,1,0.44,0.54,0.1642,506,0
4,1,0.42,0.58,0.1045,460,0
4,1,0.32,0.87,0,472,0
4,1,0.44,0.62,0.194,553,0
4,1,0.42,0.71,0.1642,479,0
4,1,0.34,0.81,0.0896,402,0
4,1,0.48,0.55,0.0896,498,0
4,1,0.46,0.63,0.1343,433,0
4,1,0.4,0.87,0.3582,395,0
4,1,0.42,0.38,0.3582,480,0
4,1,0.42,0.32,0.4627,374,0
4,0,0.28,0.56,0.3284,84,0
4,0,0.38,0.4,0.1642,334,0
4,0,0.36,0.5,0.0896,237,0
4,0,0.28,0.87,0.0896,90,0
4,0,0.44,0.62,0.1642,256,0
4,0,0.42,0.71,0.1045,185,0
4,1,0.3,1,0.0896,410,0
4,1,0.5,0.45,0.1642,528,0
4,1,0.46,0.59,0.1045,425,0
4,1,0.32,0.93,0.1045,466,0
4,1,0.52,0.43,0.1642,499,0
4,1,0.48,0.55,0.1343,462,0
4,1,0.32,0.93,0,456,0
4,1,0.46,0.63,0.1045,485,0
4,1,0.44,0.67,0.1045,408,0
4,1,0.4,0.94,0.0896,436,0
4,1,0.36,0.81,0.2239,177,0
4,1,0.36,0.81,0.1642,273,0
4,0,0.3,0.42,0.3582,258,0
4,0,0.34,0.39,0.3284,310,0
4,0,0.34,0.39,0.2537,208,0
4,0,0.26,0.7,0.194,101,0
4,0,0.5,0.34,0.2537,285,0
4,0,0.42,0.58,0.194,203,0
4,0,0.34,0.66,0.0896,79,0
4,0,0.52,0.27,0.3284,231,0
4,0,0.52,0.27,0.3284,190,0
4,1,0.46,0.67,0.194,452,0
4,1,0.62,0.46,0.2537,519,0
4,1,0.56,0.56,0.2836,489,0
4,1,0.54,0.68,0.1045,480,0
4,1,0.5,0.72,0.194,451,0
4,1,0.5,0.72,0.2836,441,0
4,1,0.46,0.94,0,232,0
4,1,0.48,0.88,0.194,233,0
4,1,0.46,0.88,0.3881,189,0
4,1,0.34,0.61,0.2985,355,0
4,1,0.32,0.42,0.3881,399,0
4,1,0.32,0.39,0.194,307,0
4,1,0.22,0.44,0.194,375,0
4,1,0.32,0.31,0.1343,378,0
4,1,0.3,0.36,0.1642,328,0
4,0,0.26,0.56,0.2537,92,0
4,0,0.4,0.4,0.194,232,0
4,0,0.38,0.46,0.1343,208,0
4,0,0.42,0.71,0.2836,65,0
4,0,0.52,0.63,0.194,203,0
4,0,0.54,0.64,0.194,145,0
4,1,0.46,0.94,0,391,0
4,1,0.42,0.94,0.2985,210,0
4,1,0.42,0.88,0.194,192,0
4,1,0.38,0.94,0.2239,190,0
4,1,0.44,1,0.0896,165,0
4,1,0.44,1,0,148,0
4,1,0.48,0.94,0.1045,323,0
4,1,0.38,0.71,0.3881,163,0
4,1,0.4,0.58,0.5224,145,0
4,0,0.3,0.65,0.0896,46,0
4,0,0.48,0.33,0.1045,74,0
4,0,0.42,0.5,0.0896,37,0
4,1,0.26,0.81,0.1343,74,0
4,1,0.5,0.34,0.1045,184,0
4,1,0.46,0.44,0.0896,153,0
4,0,0.32,0.76,0.0896,60,0
4,0,0.46,0.47,0.1343,184,0
4,0,0.42,0.62,0.1642,185,0
4,0,0.4,0.82,0.2985,42,0
4,0,0.54,0.56,0.194,204,0
4,0,0.5,0.63,0.1642,155,0
4,1,0.42,0.94,0,407,0
4,1,0.58,0.56,0.194,468,0
4,1,0.56,0.64,0.2239,416,0
4,1,0.54,0.77,0.2836,449,0
4,1,0.4,0.87,0.2985,354,0
4,1,0.4,0.82,0.2985,358,0
4,1,0.28,0.81,0.194,478,0
4,1,0.34,0.49,0.3284,380,0
4,1,0.34,0.49,0.3284,376,0
4,1,0.26,0.6,0.3284,477,0
4,1,0.36,0.46,0.1343,418,0
4,1,0.36,0.43,0.1045,405,0
4,1,0.24,0.87,0,445,0
4,1,0.42,0.38,0,411,0
4,1,0.4,0.5,0,372,0
4,0,0.24,0.75,0.0896,63,0
4,0,0.36,0.62,0,232,0
4,0,0.34,0.53,0.1343,224,0
4,0,0.26,0.87,0,55,0
4,0,0.38,0.76,0.1343,245,0
4,0,0.38,0.71,0,171,0
4,1,0.32,0.93,0,404,0
4,1,0.42,0.77,0,446,0
4,1,0.44,0.77,0,399,0
4,1,0.46,0.94,0.194,414,0
4,1,0.46,1,0.2239,262,0
4,1,0.46,1,0.2836,304,0
4,1,0.44,1,0,86,0
4,1,0.4,1,0.3284,52,0
4,1,0.4,0.94,0.2985,51,0
4,1,0.22,0.55,0.2836,429,0
4,1,0.3,0.49,0.1045,331,0
4,1,0.28,0.52,0.2239,318,0
4,1,0.24,0.81,0,385,0
4,1,0.34,0.66,0.1045,362,0
4,1,0.34,0.61,0,318,0
4,0,0.26,0.65,0.1343,73,0
4,0,0.28,0.36,0.3284,185,0
4,0,0.26,0.38,0.2239,172,0
4,0,0.16,0.69,0,72,0
4,0,0.28,0.3,0,163,0
4,0,0.24,0.48,0.194,163,0
4,1,0.16,0.8,0.1045,385,0
4,1,0.3,0.56,0,359,0
4,1,0.3,0.56,0.0896,357,0
4,1,0.2,0.69,0.1045,400,0
4,1,0.36,0.4,0.194,398,0
4,1,0.34,0.42,0.2239,382,0
4,1,0.26,0.87,0,467,0
4,1,0.36,0.57,0.1045,396,0
4,1,0.36,0.62,0.1642,390,0
4,1,0.34,0.66,0.2239,457,0
4,1,0.52,0.59,0.2836,324,0
4,1,0.52,0.59,0.2985,377,0
4,1,0.36,0.46,0.4179,459,0
4,1,0.32,0.45,0.2836,365,0
4,1,0.32,0.45,0.2537,295,0
4,0,0.26,0.56,0.2239,59,0
4,0,0.26,0.48,0.2239,165,0
4,0,0.26,0.48,0.3881,157,0
4,0,0.2,0.69,0,32,0
4,0,0.28,0.46,0.1642,136,0
4,0,0.28,0.45,0.194,138,0
4,1,0.2,0.75,0.194,397,0
4,1,0.38,0.46,0.194,378,0
4,1,0.36,0.5,0.194,354,0
4,1,0.42,0.54,0.0896,432,0
4,1,0.4,0.62,0.1642,431,0
4,1,0.38,0.66,0.194,411,0
1,1,0.36,0.93,0,405,1
1,1,0.44,1,0.3284,229,1
1,1,0.44,1,0.2985,280,1
1,1,0.36,0.87,0,343,1
1,1,0.44,0.67,0.1642,356,1
1,1,0.44,0.62,0.0896,288,1
1,1,0.4,0.76,0.2537,182,1
1,1,0.36,0.53,0.2239,140,1
1,1,0.36,0.5,0.2537,95,1
1,0,0.28,0.7,0.194,27,1
1,0,0.28,0.45,0.1343,68,1
1,0,0.3,0.42,0.0896,35,1
1,0,0.2,0.8,0.1642,5,1
1,0,0.34,0.61,0.1343,44,1
1,0,0.32,0.7,0.194,30,1
1,0,0.32,0.45,0.1343,18,1
1,0,0.34,0.46,0.2239,97,1
1,0,0.32,0.49,0.0896,75,1
1,1,0.3,0.65,0.1642,164,1
1,1,0.4,0.87,0.1343,115,1
1,1,0.38,0.87,0.2836,135,1
1,1,0.32,0.57,0.3582,217,1
1,1,0.28,0.38,0.2537,250,1
1,1,0.26,0.38,0.3284,169,1
1,1,0.2,0.64,0,210,1
1,1,0.3,0.61,0.1642,240,1
1,1,0.3,0.56,0.1343,207,1
1,1,0.24,0.75,0.0896,205,1
1,1,0.38,0.54,0.1642,242,1
1,1,0.36,0.62,0.1343,182,1
1,0,0.34,0.81,0.1343,49,1
1,0,0.42,0.54,0.194,129,1
1,0,0.42,0.54,0.1343,93,1
